-- MySQL dump 10.13  Distrib 8.0.22, for Linux (x86_64)
--
-- Host: localhost    Database: curs
-- ------------------------------------------------------
-- Server version	8.0.22-0ubuntu0.20.04.2

/*!40101 SET @OLD_CHARACTER_SET_CLIENT=@@CHARACTER_SET_CLIENT */;
/*!40101 SET @OLD_CHARACTER_SET_RESULTS=@@CHARACTER_SET_RESULTS */;
/*!40101 SET @OLD_COLLATION_CONNECTION=@@COLLATION_CONNECTION */;
/*!50503 SET NAMES utf8mb4 */;
/*!40103 SET @OLD_TIME_ZONE=@@TIME_ZONE */;
/*!40103 SET TIME_ZONE='+00:00' */;
/*!40014 SET @OLD_UNIQUE_CHECKS=@@UNIQUE_CHECKS, UNIQUE_CHECKS=0 */;
/*!40014 SET @OLD_FOREIGN_KEY_CHECKS=@@FOREIGN_KEY_CHECKS, FOREIGN_KEY_CHECKS=0 */;
/*!40101 SET @OLD_SQL_MODE=@@SQL_MODE, SQL_MODE='NO_AUTO_VALUE_ON_ZERO' */;
/*!40111 SET @OLD_SQL_NOTES=@@SQL_NOTES, SQL_NOTES=0 */;

--
-- Temporary view structure for view `avg_10_2017`
--

DROP TABLE IF EXISTS `avg_10_2017`;
/*!50001 DROP VIEW IF EXISTS `avg_10_2017`*/;
SET @saved_cs_client     = @@character_set_client;
/*!50503 SET character_set_client = utf8mb4 */;
/*!50001 CREATE VIEW `avg_10_2017` AS SELECT 
 1 AS `mon`,
 1 AS `avg_cost`*/;
SET character_set_client = @saved_cs_client;

--
-- Temporary view structure for view `avg_11_2017`
--

DROP TABLE IF EXISTS `avg_11_2017`;
/*!50001 DROP VIEW IF EXISTS `avg_11_2017`*/;
SET @saved_cs_client     = @@character_set_client;
/*!50503 SET character_set_client = utf8mb4 */;
/*!50001 CREATE VIEW `avg_11_2017` AS SELECT 
 1 AS `mon`,
 1 AS `avg_cost`*/;
SET character_set_client = @saved_cs_client;

--
-- Temporary view structure for view `avg_12_2017`
--

DROP TABLE IF EXISTS `avg_12_2017`;
/*!50001 DROP VIEW IF EXISTS `avg_12_2017`*/;
SET @saved_cs_client     = @@character_set_client;
/*!50503 SET character_set_client = utf8mb4 */;
/*!50001 CREATE VIEW `avg_12_2017` AS SELECT 
 1 AS `mon`,
 1 AS `avg_cost`*/;
SET character_set_client = @saved_cs_client;

--
-- Temporary view structure for view `avg_1_2017`
--

DROP TABLE IF EXISTS `avg_1_2017`;
/*!50001 DROP VIEW IF EXISTS `avg_1_2017`*/;
SET @saved_cs_client     = @@character_set_client;
/*!50503 SET character_set_client = utf8mb4 */;
/*!50001 CREATE VIEW `avg_1_2017` AS SELECT 
 1 AS `mon`,
 1 AS `avg_cost`*/;
SET character_set_client = @saved_cs_client;

--
-- Temporary view structure for view `avg_2_2017`
--

DROP TABLE IF EXISTS `avg_2_2017`;
/*!50001 DROP VIEW IF EXISTS `avg_2_2017`*/;
SET @saved_cs_client     = @@character_set_client;
/*!50503 SET character_set_client = utf8mb4 */;
/*!50001 CREATE VIEW `avg_2_2017` AS SELECT 
 1 AS `mon`,
 1 AS `avg_cost`*/;
SET character_set_client = @saved_cs_client;

--
-- Temporary view structure for view `avg_3_2017`
--

DROP TABLE IF EXISTS `avg_3_2017`;
/*!50001 DROP VIEW IF EXISTS `avg_3_2017`*/;
SET @saved_cs_client     = @@character_set_client;
/*!50503 SET character_set_client = utf8mb4 */;
/*!50001 CREATE VIEW `avg_3_2017` AS SELECT 
 1 AS `mon`,
 1 AS `avg_cost`*/;
SET character_set_client = @saved_cs_client;

--
-- Temporary view structure for view `avg_4_2017`
--

DROP TABLE IF EXISTS `avg_4_2017`;
/*!50001 DROP VIEW IF EXISTS `avg_4_2017`*/;
SET @saved_cs_client     = @@character_set_client;
/*!50503 SET character_set_client = utf8mb4 */;
/*!50001 CREATE VIEW `avg_4_2017` AS SELECT 
 1 AS `mon`,
 1 AS `avg_cost`*/;
SET character_set_client = @saved_cs_client;

--
-- Temporary view structure for view `avg_5_2017`
--

DROP TABLE IF EXISTS `avg_5_2017`;
/*!50001 DROP VIEW IF EXISTS `avg_5_2017`*/;
SET @saved_cs_client     = @@character_set_client;
/*!50503 SET character_set_client = utf8mb4 */;
/*!50001 CREATE VIEW `avg_5_2017` AS SELECT 
 1 AS `mon`,
 1 AS `avg_cost`*/;
SET character_set_client = @saved_cs_client;

--
-- Temporary view structure for view `avg_6_2017`
--

DROP TABLE IF EXISTS `avg_6_2017`;
/*!50001 DROP VIEW IF EXISTS `avg_6_2017`*/;
SET @saved_cs_client     = @@character_set_client;
/*!50503 SET character_set_client = utf8mb4 */;
/*!50001 CREATE VIEW `avg_6_2017` AS SELECT 
 1 AS `mon`,
 1 AS `avg_cost`*/;
SET character_set_client = @saved_cs_client;

--
-- Temporary view structure for view `avg_7_2017`
--

DROP TABLE IF EXISTS `avg_7_2017`;
/*!50001 DROP VIEW IF EXISTS `avg_7_2017`*/;
SET @saved_cs_client     = @@character_set_client;
/*!50503 SET character_set_client = utf8mb4 */;
/*!50001 CREATE VIEW `avg_7_2017` AS SELECT 
 1 AS `mon`,
 1 AS `avg_cost`*/;
SET character_set_client = @saved_cs_client;

--
-- Temporary view structure for view `avg_8_2017`
--

DROP TABLE IF EXISTS `avg_8_2017`;
/*!50001 DROP VIEW IF EXISTS `avg_8_2017`*/;
SET @saved_cs_client     = @@character_set_client;
/*!50503 SET character_set_client = utf8mb4 */;
/*!50001 CREATE VIEW `avg_8_2017` AS SELECT 
 1 AS `mon`,
 1 AS `avg_cost`*/;
SET character_set_client = @saved_cs_client;

--
-- Temporary view structure for view `avg_9_2017`
--

DROP TABLE IF EXISTS `avg_9_2017`;
/*!50001 DROP VIEW IF EXISTS `avg_9_2017`*/;
SET @saved_cs_client     = @@character_set_client;
/*!50503 SET character_set_client = utf8mb4 */;
/*!50001 CREATE VIEW `avg_9_2017` AS SELECT 
 1 AS `mon`,
 1 AS `avg_cost`*/;
SET character_set_client = @saved_cs_client;

--
-- Table structure for table `client`
--

DROP TABLE IF EXISTS `client`;
/*!40101 SET @saved_cs_client     = @@character_set_client */;
/*!50503 SET character_set_client = utf8mb4 */;
CREATE TABLE `client` (
  `client_id` int NOT NULL AUTO_INCREMENT,
  `client_name` varchar(60) DEFAULT NULL,
  `address` varchar(100) DEFAULT NULL,
  `district` tinyint(1) DEFAULT NULL,
  `contact` varchar(30) DEFAULT NULL,
  `phone` varchar(12) DEFAULT NULL,
  PRIMARY KEY (`client_id`)
) ENGINE=InnoDB AUTO_INCREMENT=7 DEFAULT CHARSET=latin1;
/*!40101 SET character_set_client = @saved_cs_client */;

--
-- Dumping data for table `client`
--

LOCK TABLES `client` WRITE;
/*!40000 ALTER TABLE `client` DISABLE KEYS */;
INSERT INTO `client` VALUES (1,'Makarov Corp.','Moscow',0,'Makarov','89031234567'),(2,'Ivanov Inc.','Zelenograd',1,'Ivanov','89034567890'),(3,'Petrov Industries','Moscow, Arbat',0,'Petrov','+79161234567'),(4,'Moiseenko Express','Moscow, Lubertsy',0,'Moiseenko','89054201488'),(5,'Sibirko Tech Company','Voronej',1,'Sibirko','+79162457634'),(6,'Some company','Moscow, Solncevo',0,'Truschelev','89034567632');
/*!40000 ALTER TABLE `client` ENABLE KEYS */;
UNLOCK TABLES;

--
-- Table structure for table `delivery_note`
--

DROP TABLE IF EXISTS `delivery_note`;
/*!40101 SET @saved_cs_client     = @@character_set_client */;
/*!50503 SET character_set_client = utf8mb4 */;
CREATE TABLE `delivery_note` (
  `delivery_id` int NOT NULL AUTO_INCREMENT,
  `amount` int DEFAULT NULL,
  `weight` int DEFAULT NULL,
  `delivery_date` date DEFAULT NULL,
  `delivery_cost` int DEFAULT NULL,
  `personal_id` int DEFAULT NULL,
  `client_id` int DEFAULT NULL,
  `transport_id` int DEFAULT NULL,
  PRIMARY KEY (`delivery_id`),
  KEY `fk1` (`personal_id`),
  KEY `fk2` (`client_id`),
  KEY `fk3` (`transport_id`),
  CONSTRAINT `delivery_note_ibfk_1` FOREIGN KEY (`personal_id`) REFERENCES `personal` (`personal_id`) ON DELETE SET NULL,
  CONSTRAINT `delivery_note_ibfk_2` FOREIGN KEY (`client_id`) REFERENCES `client` (`client_id`) ON DELETE CASCADE,
  CONSTRAINT `delivery_note_ibfk_3` FOREIGN KEY (`transport_id`) REFERENCES `transport` (`transport_id`) ON DELETE SET NULL
) ENGINE=InnoDB AUTO_INCREMENT=20 DEFAULT CHARSET=latin1;
/*!40101 SET character_set_client = @saved_cs_client */;

--
-- Dumping data for table `delivery_note`
--

LOCK TABLES `delivery_note` WRITE;
/*!40000 ALTER TABLE `delivery_note` DISABLE KEYS */;
INSERT INTO `delivery_note` VALUES (1,500,600,'2016-03-05',12000,1,1,1),(3,100,300,'2016-04-05',6000,3,3,2),(4,20,100,'2016-04-05',2000,3,5,3),(5,80,300,'2016-06-10',6000,3,6,6),(6,30,100,'2017-03-10',2000,4,1,2),(7,30,200,'2017-03-10',4000,1,3,1),(8,200,600,'2017-04-10',10800,4,3,3),(9,200,500,'2017-03-10',10000,3,4,5),(10,100,200,'2017-03-13',3600,3,4,5),(11,150,300,'2017-03-13',4500,1,4,5),(12,250,200,'2017-03-13',4000,4,5,2),(13,250,200,'2016-03-13',4000,4,2,5),(14,250,200,'2020-03-13',4000,4,1,2),(15,250,600,'2017-03-13',12000,4,2,2),(16,3,1,'2020-01-18',0,4,2,1),(17,3,12,'2020-01-18',0,4,2,1),(18,5,3456,'2020-01-01',0,2,2,1),(19,1,102,'2020-01-01',10200,3,1,2);
/*!40000 ALTER TABLE `delivery_note` ENABLE KEYS */;
UNLOCK TABLES;

--
-- Table structure for table `personal`
--

DROP TABLE IF EXISTS `personal`;
/*!40101 SET @saved_cs_client     = @@character_set_client */;
/*!50503 SET character_set_client = utf8mb4 */;
CREATE TABLE `personal` (
  `personal_id` int NOT NULL AUTO_INCREMENT,
  `surname` varchar(30) DEFAULT NULL,
  `addr` varchar(100) DEFAULT NULL,
  `birthday` date DEFAULT NULL,
  `job` varchar(30) DEFAULT NULL,
  `emp_date` date DEFAULT NULL,
  PRIMARY KEY (`personal_id`)
) ENGINE=InnoDB AUTO_INCREMENT=5 DEFAULT CHARSET=latin1;
/*!40101 SET character_set_client = @saved_cs_client */;

--
-- Dumping data for table `personal`
--

LOCK TABLES `personal` WRITE;
/*!40000 ALTER TABLE `personal` DISABLE KEYS */;
INSERT INTO `personal` VALUES (1,'Kolesov','Moscow','1980-01-01','Driver','2010-03-03'),(2,'Barankin','Moscow','1970-01-01','Driver','2012-03-03'),(3,'Perevozkin','Voronej','1990-01-01','Driver','2014-03-03'),(4,'Voditel','Zelenograd','1985-01-01','Driver','2013-03-03');
/*!40000 ALTER TABLE `personal` ENABLE KEYS */;
UNLOCK TABLES;

--
-- Table structure for table `reestr`
--

DROP TABLE IF EXISTS `reestr`;
/*!40101 SET @saved_cs_client     = @@character_set_client */;
/*!50503 SET character_set_client = utf8mb4 */;
CREATE TABLE `reestr` (
  `reestr_id` int NOT NULL AUTO_INCREMENT,
  `weight_sum` int DEFAULT NULL,
  `reestr_year` int DEFAULT NULL,
  `client_id` int DEFAULT NULL,
  PRIMARY KEY (`reestr_id`),
  KEY `client_id` (`client_id`),
  CONSTRAINT `reestr_ibfk_1` FOREIGN KEY (`client_id`) REFERENCES `client` (`client_id`) ON DELETE CASCADE
) ENGINE=InnoDB AUTO_INCREMENT=17 DEFAULT CHARSET=latin1;
/*!40101 SET character_set_client = @saved_cs_client */;

--
-- Dumping data for table `reestr`
--

LOCK TABLES `reestr` WRITE;
/*!40000 ALTER TABLE `reestr` DISABLE KEYS */;
INSERT INTO `reestr` VALUES (1,600,2016,1),(2,100,2017,1),(3,600,2017,2),(4,200,2016,2),(8,800,2017,3),(9,300,2016,3),(10,1000,2017,4),(11,0,2016,4),(12,200,2017,5),(13,100,2016,5),(14,0,2017,6),(15,300,2016,6),(16,200,2020,1);
/*!40000 ALTER TABLE `reestr` ENABLE KEYS */;
UNLOCK TABLES;

--
-- Table structure for table `scale`
--

DROP TABLE IF EXISTS `scale`;
/*!40101 SET @saved_cs_client     = @@character_set_client */;
/*!50503 SET character_set_client = utf8mb4 */;
CREATE TABLE `scale` (
  `scale_id` int NOT NULL AUTO_INCREMENT,
  `min` int DEFAULT NULL,
  `max` int DEFAULT NULL,
  `cost` int DEFAULT NULL,
  PRIMARY KEY (`scale_id`)
) ENGINE=InnoDB AUTO_INCREMENT=6 DEFAULT CHARSET=latin1;
/*!40101 SET character_set_client = @saved_cs_client */;

--
-- Dumping data for table `scale`
--

LOCK TABLES `scale` WRITE;
/*!40000 ALTER TABLE `scale` DISABLE KEYS */;
INSERT INTO `scale` VALUES (1,0,100,20),(2,101,500,18),(3,501,1000,15),(4,1001,2000,12),(5,2001,3000,10);
/*!40000 ALTER TABLE `scale` ENABLE KEYS */;
UNLOCK TABLES;

--
-- Table structure for table `transport`
--

DROP TABLE IF EXISTS `transport`;
/*!40101 SET @saved_cs_client     = @@character_set_client */;
/*!50503 SET character_set_client = utf8mb4 */;
CREATE TABLE `transport` (
  `transport_id` int NOT NULL AUTO_INCREMENT,
  `brand` varchar(30) DEFAULT NULL,
  `weight_limit` int DEFAULT NULL,
  `year` int DEFAULT NULL,
  `reg_num` varchar(6) DEFAULT NULL,
  PRIMARY KEY (`transport_id`)
) ENGINE=InnoDB AUTO_INCREMENT=7 DEFAULT CHARSET=latin1;
/*!40101 SET character_set_client = @saved_cs_client */;

--
-- Dumping data for table `transport`
--

LOCK TABLES `transport` WRITE;
/*!40000 ALTER TABLE `transport` DISABLE KEYS */;
INSERT INTO `transport` VALUES (1,'Nissan',1000,2010,'A123BC'),(2,'Mercedes',1500,2015,'A456BC'),(3,'Renault',2000,2008,'A789BC'),(5,'Volksvagen',1800,2005,'A321BC'),(6,'Feat',1200,2020,'A654BC');
/*!40000 ALTER TABLE `transport` ENABLE KEYS */;
UNLOCK TABLES;

--
-- Table structure for table `user_groups`
--

DROP TABLE IF EXISTS `user_groups`;
/*!40101 SET @saved_cs_client     = @@character_set_client */;
/*!50503 SET character_set_client = utf8mb4 */;
CREATE TABLE `user_groups` (
  `id` int NOT NULL AUTO_INCREMENT,
  `role` varchar(20) NOT NULL,
  `login` varchar(20) NOT NULL,
  `password` varchar(20) NOT NULL,
  PRIMARY KEY (`id`)
) ENGINE=InnoDB AUTO_INCREMENT=3 DEFAULT CHARSET=utf8mb4 COLLATE=utf8mb4_0900_ai_ci;
/*!40101 SET character_set_client = @saved_cs_client */;

--
-- Dumping data for table `user_groups`
--

LOCK TABLES `user_groups` WRITE;
/*!40000 ALTER TABLE `user_groups` DISABLE KEYS */;
INSERT INTO `user_groups` VALUES (1,'Director','director','qwerty'),(2,'Manager','manager','qwerty');
/*!40000 ALTER TABLE `user_groups` ENABLE KEYS */;
UNLOCK TABLES;

--
-- Table structure for table `year_report`
--

DROP TABLE IF EXISTS `year_report`;
/*!40101 SET @saved_cs_client     = @@character_set_client */;
/*!50503 SET character_set_client = utf8mb4 */;
CREATE TABLE `year_report` (
  `report_id` int NOT NULL AUTO_INCREMENT,
  `client_id` int DEFAULT NULL,
  `deliveries_sum` int DEFAULT NULL,
  `avg_weight` int DEFAULT NULL,
  `avg_cost` int DEFAULT NULL,
  `report_year` int DEFAULT NULL,
  PRIMARY KEY (`report_id`),
  KEY `client_id` (`client_id`),
  CONSTRAINT `year_report_ibfk_1` FOREIGN KEY (`client_id`) REFERENCES `client` (`client_id`) ON DELETE CASCADE
) ENGINE=InnoDB AUTO_INCREMENT=43 DEFAULT CHARSET=latin1;
/*!40101 SET character_set_client = @saved_cs_client */;

--
-- Dumping data for table `year_report`
--

LOCK TABLES `year_report` WRITE;
/*!40000 ALTER TABLE `year_report` DISABLE KEYS */;
INSERT INTO `year_report` VALUES (19,1,1,600,12000,2016),(20,2,1,200,4000,2016),(21,3,1,300,6000,2016),(22,4,0,NULL,NULL,2016),(23,5,1,100,2000,2016),(24,6,1,300,6000,2016),(31,1,1,200,4000,2020),(32,2,0,NULL,NULL,2020),(33,3,0,NULL,NULL,2020),(34,4,0,NULL,NULL,2020),(35,5,0,NULL,NULL,2020),(36,6,0,NULL,NULL,2020),(37,1,1,100,2000,2017),(38,2,1,600,12000,2017),(39,3,2,400,7400,2017),(40,4,3,333,6033,2017),(41,5,1,200,4000,2017),(42,6,0,NULL,NULL,2017);
/*!40000 ALTER TABLE `year_report` ENABLE KEYS */;
UNLOCK TABLES;

--
-- Final view structure for view `avg_10_2017`
--

/*!50001 DROP VIEW IF EXISTS `avg_10_2017`*/;
/*!50001 SET @saved_cs_client          = @@character_set_client */;
/*!50001 SET @saved_cs_results         = @@character_set_results */;
/*!50001 SET @saved_col_connection     = @@collation_connection */;
/*!50001 SET character_set_client      = utf8 */;
/*!50001 SET character_set_results     = utf8 */;
/*!50001 SET collation_connection      = utf8_general_ci */;
/*!50001 CREATE ALGORITHM=UNDEFINED */
/*!50013 DEFINER=`root`@`localhost` SQL SECURITY DEFINER */
/*!50001 VIEW `avg_10_2017` AS select 10 AS `mon`,avg(`delivery_note`.`delivery_cost`) AS `avg_cost` from `delivery_note` where ((year(`delivery_note`.`delivery_date`) = 2017) and (month(`delivery_note`.`delivery_date`) = 10)) */;
/*!50001 SET character_set_client      = @saved_cs_client */;
/*!50001 SET character_set_results     = @saved_cs_results */;
/*!50001 SET collation_connection      = @saved_col_connection */;

--
-- Final view structure for view `avg_11_2017`
--

/*!50001 DROP VIEW IF EXISTS `avg_11_2017`*/;
/*!50001 SET @saved_cs_client          = @@character_set_client */;
/*!50001 SET @saved_cs_results         = @@character_set_results */;
/*!50001 SET @saved_col_connection     = @@collation_connection */;
/*!50001 SET character_set_client      = utf8 */;
/*!50001 SET character_set_results     = utf8 */;
/*!50001 SET collation_connection      = utf8_general_ci */;
/*!50001 CREATE ALGORITHM=UNDEFINED */
/*!50013 DEFINER=`root`@`localhost` SQL SECURITY DEFINER */
/*!50001 VIEW `avg_11_2017` AS select 11 AS `mon`,avg(`delivery_note`.`delivery_cost`) AS `avg_cost` from `delivery_note` where ((year(`delivery_note`.`delivery_date`) = 2017) and (month(`delivery_note`.`delivery_date`) = 11)) */;
/*!50001 SET character_set_client      = @saved_cs_client */;
/*!50001 SET character_set_results     = @saved_cs_results */;
/*!50001 SET collation_connection      = @saved_col_connection */;

--
-- Final view structure for view `avg_12_2017`
--

/*!50001 DROP VIEW IF EXISTS `avg_12_2017`*/;
/*!50001 SET @saved_cs_client          = @@character_set_client */;
/*!50001 SET @saved_cs_results         = @@character_set_results */;
/*!50001 SET @saved_col_connection     = @@collation_connection */;
/*!50001 SET character_set_client      = utf8 */;
/*!50001 SET character_set_results     = utf8 */;
/*!50001 SET collation_connection      = utf8_general_ci */;
/*!50001 CREATE ALGORITHM=UNDEFINED */
/*!50013 DEFINER=`root`@`localhost` SQL SECURITY DEFINER */
/*!50001 VIEW `avg_12_2017` AS select 12 AS `mon`,avg(`delivery_note`.`delivery_cost`) AS `avg_cost` from `delivery_note` where ((year(`delivery_note`.`delivery_date`) = 2017) and (month(`delivery_note`.`delivery_date`) = 12)) */;
/*!50001 SET character_set_client      = @saved_cs_client */;
/*!50001 SET character_set_results     = @saved_cs_results */;
/*!50001 SET collation_connection      = @saved_col_connection */;

--
-- Final view structure for view `avg_1_2017`
--

/*!50001 DROP VIEW IF EXISTS `avg_1_2017`*/;
/*!50001 SET @saved_cs_client          = @@character_set_client */;
/*!50001 SET @saved_cs_results         = @@character_set_results */;
/*!50001 SET @saved_col_connection     = @@collation_connection */;
/*!50001 SET character_set_client      = utf8 */;
/*!50001 SET character_set_results     = utf8 */;
/*!50001 SET collation_connection      = utf8_general_ci */;
/*!50001 CREATE ALGORITHM=UNDEFINED */
/*!50013 DEFINER=`root`@`localhost` SQL SECURITY DEFINER */
/*!50001 VIEW `avg_1_2017` AS select 1 AS `mon`,avg(`delivery_note`.`delivery_cost`) AS `avg_cost` from `delivery_note` where ((year(`delivery_note`.`delivery_date`) = 2017) and (month(`delivery_note`.`delivery_date`) = 1)) */;
/*!50001 SET character_set_client      = @saved_cs_client */;
/*!50001 SET character_set_results     = @saved_cs_results */;
/*!50001 SET collation_connection      = @saved_col_connection */;

--
-- Final view structure for view `avg_2_2017`
--

/*!50001 DROP VIEW IF EXISTS `avg_2_2017`*/;
/*!50001 SET @saved_cs_client          = @@character_set_client */;
/*!50001 SET @saved_cs_results         = @@character_set_results */;
/*!50001 SET @saved_col_connection     = @@collation_connection */;
/*!50001 SET character_set_client      = utf8 */;
/*!50001 SET character_set_results     = utf8 */;
/*!50001 SET collation_connection      = utf8_general_ci */;
/*!50001 CREATE ALGORITHM=UNDEFINED */
/*!50013 DEFINER=`root`@`localhost` SQL SECURITY DEFINER */
/*!50001 VIEW `avg_2_2017` AS select 2 AS `mon`,avg(`delivery_note`.`delivery_cost`) AS `avg_cost` from `delivery_note` where ((year(`delivery_note`.`delivery_date`) = 2017) and (month(`delivery_note`.`delivery_date`) = 2)) */;
/*!50001 SET character_set_client      = @saved_cs_client */;
/*!50001 SET character_set_results     = @saved_cs_results */;
/*!50001 SET collation_connection      = @saved_col_connection */;

--
-- Final view structure for view `avg_3_2017`
--

/*!50001 DROP VIEW IF EXISTS `avg_3_2017`*/;
/*!50001 SET @saved_cs_client          = @@character_set_client */;
/*!50001 SET @saved_cs_results         = @@character_set_results */;
/*!50001 SET @saved_col_connection     = @@collation_connection */;
/*!50001 SET character_set_client      = utf8 */;
/*!50001 SET character_set_results     = utf8 */;
/*!50001 SET collation_connection      = utf8_general_ci */;
/*!50001 CREATE ALGORITHM=UNDEFINED */
/*!50013 DEFINER=`root`@`localhost` SQL SECURITY DEFINER */
/*!50001 VIEW `avg_3_2017` AS select 3 AS `mon`,avg(`delivery_note`.`delivery_cost`) AS `avg_cost` from `delivery_note` where ((year(`delivery_note`.`delivery_date`) = 2017) and (month(`delivery_note`.`delivery_date`) = 3)) */;
/*!50001 SET character_set_client      = @saved_cs_client */;
/*!50001 SET character_set_results     = @saved_cs_results */;
/*!50001 SET collation_connection      = @saved_col_connection */;

--
-- Final view structure for view `avg_4_2017`
--

/*!50001 DROP VIEW IF EXISTS `avg_4_2017`*/;
/*!50001 SET @saved_cs_client          = @@character_set_client */;
/*!50001 SET @saved_cs_results         = @@character_set_results */;
/*!50001 SET @saved_col_connection     = @@collation_connection */;
/*!50001 SET character_set_client      = utf8 */;
/*!50001 SET character_set_results     = utf8 */;
/*!50001 SET collation_connection      = utf8_general_ci */;
/*!50001 CREATE ALGORITHM=UNDEFINED */
/*!50013 DEFINER=`root`@`localhost` SQL SECURITY DEFINER */
/*!50001 VIEW `avg_4_2017` AS select 4 AS `mon`,avg(`delivery_note`.`delivery_cost`) AS `avg_cost` from `delivery_note` where ((year(`delivery_note`.`delivery_date`) = 2017) and (month(`delivery_note`.`delivery_date`) = 4)) */;
/*!50001 SET character_set_client      = @saved_cs_client */;
/*!50001 SET character_set_results     = @saved_cs_results */;
/*!50001 SET collation_connection      = @saved_col_connection */;

--
-- Final view structure for view `avg_5_2017`
--

/*!50001 DROP VIEW IF EXISTS `avg_5_2017`*/;
/*!50001 SET @saved_cs_client          = @@character_set_client */;
/*!50001 SET @saved_cs_results         = @@character_set_results */;
/*!50001 SET @saved_col_connection     = @@collation_connection */;
/*!50001 SET character_set_client      = utf8 */;
/*!50001 SET character_set_results     = utf8 */;
/*!50001 SET collation_connection      = utf8_general_ci */;
/*!50001 CREATE ALGORITHM=UNDEFINED */
/*!50013 DEFINER=`root`@`localhost` SQL SECURITY DEFINER */
/*!50001 VIEW `avg_5_2017` AS select 5 AS `mon`,avg(`delivery_note`.`delivery_cost`) AS `avg_cost` from `delivery_note` where ((year(`delivery_note`.`delivery_date`) = 2017) and (month(`delivery_note`.`delivery_date`) = 5)) */;
/*!50001 SET character_set_client      = @saved_cs_client */;
/*!50001 SET character_set_results     = @saved_cs_results */;
/*!50001 SET collation_connection      = @saved_col_connection */;

--
-- Final view structure for view `avg_6_2017`
--

/*!50001 DROP VIEW IF EXISTS `avg_6_2017`*/;
/*!50001 SET @saved_cs_client          = @@character_set_client */;
/*!50001 SET @saved_cs_results         = @@character_set_results */;
/*!50001 SET @saved_col_connection     = @@collation_connection */;
/*!50001 SET character_set_client      = utf8 */;
/*!50001 SET character_set_results     = utf8 */;
/*!50001 SET collation_connection      = utf8_general_ci */;
/*!50001 CREATE ALGORITHM=UNDEFINED */
/*!50013 DEFINER=`root`@`localhost` SQL SECURITY DEFINER */
/*!50001 VIEW `avg_6_2017` AS select 6 AS `mon`,avg(`delivery_note`.`delivery_cost`) AS `avg_cost` from `delivery_note` where ((year(`delivery_note`.`delivery_date`) = 2017) and (month(`delivery_note`.`delivery_date`) = 6)) */;
/*!50001 SET character_set_client      = @saved_cs_client */;
/*!50001 SET character_set_results     = @saved_cs_results */;
/*!50001 SET collation_connection      = @saved_col_connection */;

--
-- Final view structure for view `avg_7_2017`
--

/*!50001 DROP VIEW IF EXISTS `avg_7_2017`*/;
/*!50001 SET @saved_cs_client          = @@character_set_client */;
/*!50001 SET @saved_cs_results         = @@character_set_results */;
/*!50001 SET @saved_col_connection     = @@collation_connection */;
/*!50001 SET character_set_client      = utf8 */;
/*!50001 SET character_set_results     = utf8 */;
/*!50001 SET collation_connection      = utf8_general_ci */;
/*!50001 CREATE ALGORITHM=UNDEFINED */
/*!50013 DEFINER=`root`@`localhost` SQL SECURITY DEFINER */
/*!50001 VIEW `avg_7_2017` AS select 7 AS `mon`,avg(`delivery_note`.`delivery_cost`) AS `avg_cost` from `delivery_note` where ((year(`delivery_note`.`delivery_date`) = 2017) and (month(`delivery_note`.`delivery_date`) = 7)) */;
/*!50001 SET character_set_client      = @saved_cs_client */;
/*!50001 SET character_set_results     = @saved_cs_results */;
/*!50001 SET collation_connection      = @saved_col_connection */;

--
-- Final view structure for view `avg_8_2017`
--

/*!50001 DROP VIEW IF EXISTS `avg_8_2017`*/;
/*!50001 SET @saved_cs_client          = @@character_set_client */;
/*!50001 SET @saved_cs_results         = @@character_set_results */;
/*!50001 SET @saved_col_connection     = @@collation_connection */;
/*!50001 SET character_set_client      = utf8 */;
/*!50001 SET character_set_results     = utf8 */;
/*!50001 SET collation_connection      = utf8_general_ci */;
/*!50001 CREATE ALGORITHM=UNDEFINED */
/*!50013 DEFINER=`root`@`localhost` SQL SECURITY DEFINER */
/*!50001 VIEW `avg_8_2017` AS select 8 AS `mon`,avg(`delivery_note`.`delivery_cost`) AS `avg_cost` from `delivery_note` where ((year(`delivery_note`.`delivery_date`) = 2017) and (month(`delivery_note`.`delivery_date`) = 8)) */;
/*!50001 SET character_set_client      = @saved_cs_client */;
/*!50001 SET character_set_results     = @saved_cs_results */;
/*!50001 SET collation_connection      = @saved_col_connection */;

--
-- Final view structure for view `avg_9_2017`
--

/*!50001 DROP VIEW IF EXISTS `avg_9_2017`*/;
/*!50001 SET @saved_cs_client          = @@character_set_client */;
/*!50001 SET @saved_cs_results         = @@character_set_results */;
/*!50001 SET @saved_col_connection     = @@collation_connection */;
/*!50001 SET character_set_client      = utf8 */;
/*!50001 SET character_set_results     = utf8 */;
/*!50001 SET collation_connection      = utf8_general_ci */;
/*!50001 CREATE ALGORITHM=UNDEFINED */
/*!50013 DEFINER=`root`@`localhost` SQL SECURITY DEFINER */
/*!50001 VIEW `avg_9_2017` AS select 9 AS `mon`,avg(`delivery_note`.`delivery_cost`) AS `avg_cost` from `delivery_note` where ((year(`delivery_note`.`delivery_date`) = 2017) and (month(`delivery_note`.`delivery_date`) = 9)) */;
/*!50001 SET character_set_client      = @saved_cs_client */;
/*!50001 SET character_set_results     = @saved_cs_results */;
/*!50001 SET collation_connection      = @saved_col_connection */;
/*!40103 SET TIME_ZONE=@OLD_TIME_ZONE */;

/*!40101 SET SQL_MODE=@OLD_SQL_MODE */;
/*!40014 SET FOREIGN_KEY_CHECKS=@OLD_FOREIGN_KEY_CHECKS */;
/*!40014 SET UNIQUE_CHECKS=@OLD_UNIQUE_CHECKS */;
/*!40101 SET CHARACTER_SET_CLIENT=@OLD_CHARACTER_SET_CLIENT */;
/*!40101 SET CHARACTER_SET_RESULTS=@OLD_CHARACTER_SET_RESULTS */;
/*!40101 SET COLLATION_CONNECTION=@OLD_COLLATION_CONNECTION */;
/*!40111 SET SQL_NOTES=@OLD_SQL_NOTES */;

-- Dump completed on 2020-12-03 18:31:43
